Student ID,Student Name,Hostel Name,Room Number,Complaint Type,Complaint Description,Complaint Date,Priority,Status
25CSE001,Rahul Kumar,Noyyal Hostel,A-203,Electrical,Ceiling fan not working,02-Sep-2026,High,Pending
25CSE002,Priya S,Noyyal Hostel,A-204,Plumbing,Water leakage near wash basin,02-Sep-2026,High,In Progress
25CSE003,Arun Kumar,Noyyal Hostel,B-105,Cleanliness,Room cleaning has not been done,01-Sep-2026,Medium,Pending
25CSE004,Divya R,Noyyal Hostel,B-210,Room Maintenance,Door lock is damaged,01-Sep-2026,High,In Progress
25CSE005,Karthik M,Noyyal Hostel,C-112,Electrical,Tube light is not working,31-Aug-2026,Low,Resolved
25CSE006,Sneha P,Noyyal Hostel,C-118,Plumbing,Bathroom tap is leaking,31-Aug-2026,Medium,Pending
25CSE007,Vignesh R,Noyyal Hostel,D-201,Cleanliness,Dustbin has not been cleared,30-Aug-2026,Low,Resolved
25CSE008,Harini S,Noyyal Hostel,D-207,Room Maintenance,Window handle is broken,30-Aug-2026,Medium,Pending
25CSE009,Ajay K,Noyyal Hostel,E-102,Electrical,Power socket is loose,29-Aug-2026,High,Resolved
25CSE010,Meena V,Noyyal Hostel,E-115,Cleanliness,Common area requires cleaning,29-Aug-2026,Medium,In Progress
